2CUREX - 2cureX
4C - 4C Group
AAC - AAC Clyde Space
AALLON - Aallon Group Oyj
ABSO - Absolent Air Care Group
ACARIX - Acarix
ACAST - Acast
ACCON - Acconeer
ACOU - AcouSort
ACROUD - ACROUD
ACUVI - Acuvi
ADDV A - ADDvise Group A
ADDV B - ADDvise Group B
ADMCM - Admicom Oyj
ADMIN - Administer Oyj
ADTR - Adtraction Group
ASAB - Advanced SolTech Sweden
ADVE - Advenica AB
ADVBOX - Adventure Box Technology
AEGIR - AegirBio
AEC - AFRICA ENERGY CORP.
AGES B - Ages Industri B
AGILC - Agillic
AGTIRA B - Agtira B
AIFORIA - Aiforia Technologies Oyj
AINO - Aino Health
AKEL D - Akelius Residential Prop. D
ALCA - Alcadon Group
ALEFRM - Alefarm Brewing
ALEX - Alexandria Group Oyj
ALM - ALM Equity
ALM PREF - ALM Equity Pref
ALPCOT B - Alpcot Holding B
ALZCUR - AlzeCure Pharma
ALZ - Alzinova
AMNI - Amniotics
ANNX - Annexin Pharmaceuticals
APTR - Appspotr
APRNDR - Aprendere Skolor
ARCA - Arcario
ARCOMA - Arcoma
ARCTIC - Arctic Blue Beverages
ARCT - Arctic Minerals
AGROUP - Arlandastad Group
AROC - AroCell
AROS - Aros Bostadsutveckling
AROS PREF B - Aros Bostadsutveckling Pref B
ASAI - Artificial Solutions Intern.
ASAP - Asarina Pharma
ASUNTO - Asuntosalkku Oyj
ATIN - Athanase Innovation
AUR - Auriant Mining
AWRD - Awardit
AVEN - Avensia
AVENT B - Aventura Group B
AVT B - Avtech Sweden B
AXIC A - aXichem A
AXOLOT - Axolot Solutions Holding
AYIMA B - Ayima Group B
BACTIQ - BactiQuant
BAHN B - Bahnhof B
BUSER - Bambuser
BAWAT - Bawat Water Technologies
BONEH - BBS-Bioactive Bone Substitutes
BEAMMW B - BeammWave B
BETOLAR - Betolar Oyj
BIM - BIMobject
BINERO - Binero Group
BIOVIT - Bio Vitos Pharma
BIOEX - Bioextrax
BIOGAS - Biokraft International
BRETEC - Bioretec Oy
BIOSGN - Biosergen
BIOVIC B - Biovica International B
BIOWKS - Bio-Works Technologies
BOKUS - Bokusgruppen
BOMILL - BoMill
BONZUN - Bonzun
BONAS - Bonäsudden Holding
BOTX - Botnia Exploration Holding
BRAINP - Brain+
BRAIN - BrainCool
BRE2 - Bredband2 i Skandinavien
BRILL - Brilliant Future
AJA B - Byggmästare A J Ahlström H
BYGGP - ByggPartner Gruppen
CAG - CAG Group
CANDLE B - Candles Scandinavia B
CARE - Careium
CASE - Case Group
CDON - CDON
CEDER - Cedergrenska
CI - Cell Impact
CRNO B - Cereno Scientific B
CHARGE - ChargePanel
CHECK - Checkin.com Group
CHEF - Cheffelo
CMH - Chordate Medical Holding
CHRO - ChromoGenics
CINIS - Cinis Fertilizer
CIRCHE - CirChem
CLAV - Clavister Holding
CLAV BTU - Clavister Holding AB BTU
CLAV UR - Clavister Holding AB UR
CISH - Clean Industry Solutions Hold
CLEMO - Clean Motion
CLEM - Clemondo Group
CLIME B - Climeon B
CLINE B - Cline Scientific B
CLS B - Clinical Laserthermia Syst. B
COALA - Coala-life Group
COALA BTU - Coala-Life Group AB BTU
COALA UR - Coala-life Group AB UR
CDMIL - CodeMill
COMBI - Combigene
CX - CombinedX
COMPDM - Compodium International
CONFRZ - Conferize
CLBIO - Corline Biomedical
CE - Cortus Energy
CFISH - Crunchfish
CYB1 - Cyber Security 1
CYXO - Cyxone
DE - Dala Energi
DAC - Danish Aerospace Company
DATA - Dataproces Group
ACT - DecideAct
DSNO - Desenio Group
DETEC - Detection Technology Oyj
DEVP B - DevPort B
DVYSR - Devyser Diagnostics
DIAH - Diadrom Holding
DIABIO - Diagonal Bio
DMYD B - Diamyd Medical B
DWF - Digital Workforce Services Oyj
DIGN - Dignitana
DIST - DistIT
DIVIO B - Divio Technologies B
DLAB - Dlaboratory Sweden
DONKEY - DonkeyRepublic Holding
DOXA - Doxa
DRIL - Drillcon
DEAR - Duearity
DUELL - Duell Oyj
EAGLE - Eagle Filters Group Oyj
ECC B - Ecoclime Group B
ECOUP - EcoUp Oyj
ALBERT - eEducation Albert
EFECTE - Efecte Oyj
EFFH - Effnetplattformen Holding
EGNETY - EgnsINVEST Ejd., Tyskland
EKOBOT - Ekobot
ELIC - Elicera Therapeutics
ELN - Ellen
ELLWEE - ELLWEE
EMBELL - Embellence Group
EG7 - Enad Global 7
ENERS - Enersize
ERMA - Enorama Pharma
ENZY - Enzymatica
ERRIA - Erria
ESGR B - ES Energy Save Holding B
EURA - Euroafrica Digital Ventures
EXPRS2 - ExpreS2ion Biotech Holding
EXS - Exsitec Holding
FAGA - Fantasma Games
FARON - Faron Pharmaceuticals Oy
FASTPC - FastPassCorp
FERRO - Ferroamp
FIFAX - Fifax Abp
FIL - Filo
FIRE - Firefly
FIRST B - First Venture Sweden B
FLAT B - Flat Capital B
FLEXM - Flexion Mobile
FLEXQ - FlexQube
FLOWS - Flowscape Technology
FLUI - Fluicell
FLUI BTU - Fluicell AB BTU
FLUI UR - Fluicell AB UR
FLUO - FluoGuide
PLAY - Fly Play
FODELIA - Fodelia Oyj
FOM - FOM Technologies
FONDIA - Fondia Oyj
FOOT B - Footway Group B
FOOT PREF - Footway Group Pref
FNOVA B - Fortinova Fastigheter ser. B
FRACTL - Fractal Gaming Group
FRAG - Fragbite Group
FRAM B - Fram Skandinavien B
FREEM - Freemelt Holding
FREJA - Freja eID Group
FSPORT - FSport
GABA - Gabather
GCOR - Gaming Corps
GAPW B - Gapwaves B
GPX - Gasporox
GENI - Generic Sweden
GENO - Genovis
GIAB - Godsinlösen Nordic
GOMX - GomSpace Group
GBK - Goodbye Kansas Group
GOTL A - Gotlandsbolaget A
GOTL B - Gotlandsbolaget B
GREAT - Greater Than
GUARD - Guard Therapeutics Intl.
GGEO - Guideline Geo
HDW B - H&D Wireless Sweden Holding B
HAYPP - Haypp Group
HEGR - Hedera Group
HEEROS - Heeros Oyj
HEIM PREF - Heimstaden Pref
HELIO - Heliospectra
HRTIS - Herantis Pharma Oyj
HEXI - Hexicon
HIFA B - Hifab Group B
HIGHCO B - High Coast Distillery B
HILB B - Hilbert Group ser. B
HOVE - Hove
HOYLU - Hoylu
HRC - HRC World Plc
HUMBLE - Humble Group
HYDRCT - Hydract
HYPE - Hypefactors
ISLAX - Icelandic Salmon
ICO - Iconovo
IDUN B - Idun Industrier B
IMPC - Impact Coatings
IMPERO - Impero
IMP A SDB - Implantica SDB
INCOAX - InCoax Networks
INCOAX BTA - InCoax Networks AB BTA
INDERES - Inderes Oyj
INDEX - InDex Pharmaceuticals Holding
INISS B - Inission B
INIT - Initiator Pharma
INSP - Insplorion
INTEG B - Integrum B
INT - Intellego Technologies
IVACC - Intervacc
IRIS - Irisity
ITECH - I-Tech
IZAFE B - iZafe Group B
JETPAK - Jetpak Top Holding
JLT - JLT Mobile Computers
JOBS - Job Solution Sweden Holding
JDT - JonDeTech Sensors
KAKEL - Kakel Max
KAPIAB - Kallebäck Property Invest
KAMBI - Kambi Group Plc
KAN - Kancera
KEBNI B - KebNi B
KEMPOWR - Kempower Oyj
KENH - Kentima Holding
KILI - Kiliaro
KJELL - Kjell Group
KLAPP B - Klappir Grænar Lausnir B
KLAR - Klaria Pharma Holding
KLIMAT - Klimator
KOLL - Kollect on Demand Holding
KONSOL - Konsolidator
KONT - Kontigo Care
KOPY - Kopy Goldfields
LAPWALL - LapWall Oyj
LEADD - LeadDesk Oyj
LEMSE - Leading Edge Materials Corp.
LEDIBOND - LED iBond International
LEMON - Lemonsoft Oyj
LIDDS - LIDDS
LCLEAN - Lifeclean International
LINKAB - Link Prop Investment
LINKFI - Linkfire
LIPI - Lipidor
LPGO - Lipigon Pharmaceuticals
LIPUM - Lipum
LITI - Litium
LADYLU - LL Lucky Games
LOHILO - Lohilo Foods
LOIHDE - Loihde Oyj
LOYAL - Loyal Solutions
LUMEN - LumenRadio
LXB - Luxbright
LYGRD - Lyckegård Group
LYKO A - Lyko Group A
MOBA - M.O.B.A. Network
MACK B - Mackmyra Svensk Whisky B
MAGI - MAG Interactive
MAGLE - Magle Chemoswed Holding
MANTEX - Mantex
MAPS - MapsPeople
MAVEN - Maven Wireless Sweden
MAV - Mavshack
MAXENT B - Maximum Entertainment B
MDUNDO - Mdundo.com
MEDHLP - Medhelp Care
MNTC - Mentice
MERIS - Meriaura Group Oyj
MERIH - Meriaura Group Oyj
MERUS - Merus Power Oyj
MESTRO - Mestro
META - Metacon
M8G - MGI - Media and Games Invest
MIDS - Midsummer
MINEST - Minesto
MISE - Misen Energy
MODEL B - Modelon B
MODU - Modulight Oyj
MODTX - Modus Therapeutics Holding
MONSO - Monsenso
MOV - Move About Group
MOVINN - Movinn
MTI - MTI Investment
NANEXA - Nanexa
NANOC BTA B - NanoCap Group AB BTA B
NANOC B - NanoCap Group B
NANOFS - Nanoform Finland Oyj
NANOFH - Nanoform Finland Oyj
NAVIGO STAM - Navigo Invest
NAVIGO PREF - Navigo Invest Pref
NEOBO - Neobo Fastigheter
NEOD - NeoDynamics
NEOLA - Neola Medical
NEPA - Nepa
NJOB - NetJobs Group
NETM B - Netmore Group B
NETUM - Netum Group Oyj
BBROOM - New Bubbleroom Sweden
NNH - New Nordic Healthbrands
NEWBRY - Newbury Pharmaceuticals
NEXAM - Nexam Chemical Holding
NEXCOM - Nexcom
NXTMH - Nexstim Oyj
NXTCL - NextCell Pharma
NGENIC - Ngenic
NICO - Nicoccino Holding
HEALTH - Nightingale Health Oyj B
NILS - Nilsson Special Vehicles
BOAT - Nimbus Group
NITRO - Nitro Games
NORD - NORD.investments Fondsm.selsk
NAIG B - Nordic Asia Investment 1987 B
NFGAB - Nordic Flanges Group
NIO - Nordic Iron Ore
LEVEL - Nordic LEVEL Group
NOTEK - Norditek Group
NORRH - Norrhydro Group Oyj
NBZ - Northbaze Group
NG - Northgold
NOSA - Nosa Plugs
NYAB - NYAB Oyj
OBSE - Observit
ODICO - Odico
OGUN B - Ogunsen B
ONCOZ - OncoZenge
ONEF - Oneflow
OBAB - Online Brands Nordic
OODA - oodash Group
OPTER - Opter
OPTI - OptiCept Technologies
YOYO - OrderYOYO
ORGC - OrganoClick
ORT B - Ortoma B
OSSD - OssDsign
OXE - OXE Marine
PAGERO - Pagero Group
PALLAS - Pallas Air Oyj
PDX - Paradox Interactive
PARTNE1 - Partnera Oyj
PAX - Paxman
PSCAND - Permascand Top Holding
PHLOG B - Pharmacolog i Uppsala B
PCAT - Photocat
PTRK - Physitrack
PIIPPO - Piippo Oyj
PILA - PILA PHARMA
PLEX - Plexian
PMDS - PMD Device Solutions
ARVOSK - Pohjanmaan Arvo Sijoitusos.
POLYG - Polygiene Group
POLY - Polyplank
PRCO B - Precio Fishbone B
PCOM B - Precomp Solutions B
SNX - Premium Snacks Nordic
PRO - Promimic
PLUN - ProstaLund
PROGEN - Prostatype Genomics
PROGEN BTU - Prostatype Genomics AB BTU
PURE - Purefun Group
QIIWI - Qiiwi Games
QINTER - Q-Interline
QAIR - QleanAir
QLIFE - QLife Holding
QLOSR B - Qlosr Group B
QCORE - Qlucore
QUART - Quartiers Properties
QUART PREF - Quartiers Properties Pref
QUIA - QuiaPEG Pharmaceuticals Hold
RAKE - Raketech Group Holding
RLOS B - RanLOS B
RPLAN - Ranplan Group
RENEW - Re:NewCell
READ - Readly International
REALFI - Realfiction Holding
REATO - Reato Group
REDW - Redwood Pharma
REFINE - Refine Group
RELE - Relesys
RESQ - Resqunit
RIGHTB - RightBridge Ventures Group
RIGHTB BTU - RightBridge Ventures Group AB BTU
RIGHTB UR - RightBridge Ventures Group AB UR
RISMA - RISMA Systems
RO - Rolling Optics Holding
RUG - RugVista Group
RUSH - Rush Factory Oyj
S2M - S2Medical B
SFL - Safello Group
SFTR - Safeture
SALT B - SaltX Technology Holding B
SAME - SameSystem
YIELD - SaveLend Group
SAXG - Saxlund Group
SBOK - ScandBook Holding
SDOS - ScandiDos
CMOTEC B - Scandinavian ChemoTech B
SES - Scandinavian Enviro Systems
SMSMED - Scandinavian Medical Solutions
HEART - Scandinavian Real Heart
SCOL - Scandion Oncology
SCAPE - Scape Technologies
SCIB - Scibase Holding
SCOUT - Scout Gaming Group
STW - SeaTwirl
SECI - SECITS Holding
SLXIT - Seluxit
SENZA - SenzaGen
SERT - Serstech
SNM - ShaMaran Petroleum Corp
SIBEK - SIBEK
SILEON - Sileon
SIMRIS B - Simris Group B
SKOLON - Skolon
SKMO - Skåne-möllan
SFS B - Sláturfélag Suðurlands
SEYE - Smart Eye
SMART SDB - SMART VALOR SDB
SOLID - Solid Clouds
SOLNA - Solnaberg Property
SOLT - SolTech Energy Sweden
SOLWERS - Solwers Oyj
SONE - Sonetel
SOZAP - SOZAP
SPAGO - Spago Nanomedical
SPEC - SpectraCure
SPEONE - SpectrumOne
SPENN - SPENN Technology
SPEQT - Speqta
SPINN - Spinnova Oyj
SPRING - Springvest Oyj
SPRINT - Sprint Bioscience
STABL - Stayble Therapeutics
SFAST - Stenhus Fastigheter i Norden
STENO - STENOCARE
STIL - Stille
STORY B - Storytel B
STUDBO - Studentbostäder i Norden
SUS - Surgical Science Sweden
BUY - Sweden BuyersClub
SECARE - Swedencare
STRLNG - Swedish Stirling
AERO - Svenska Aerogel Holding
NYTTO - Svenska Nyttobostäder
NYTTO PREF - Svenska Nyttobostäder Pref
SWISS - Swiss Properties Invest
SODER - Söder Sportfiske
TAGM B - TagMaster B
TALK - TalkPool
TAMTRON - Tamtron Group Oyj
TANGI - Tangiamo Touch Technology
TELLUS - Tellusgruppen
TSEC - Tempest Security
TEQ - Teqnion
TERRNT B - Terranet B
TESSIN - Tessin Nordic Holding
TH1NG - TH1NG
THUNDR - Thunderful Group
TITA B - Titania Holding B
TITAN - Titanium Oyj
TOIVO - Toivo Group Oyj
TOL - Toleranzia
TOURN - Tourn International
TRAIN B - Train Alliance Sweden B
TRIBO B - Triboron International B
TGAMES - TROPHY GAMES Development
TWIIK - Twiik
UNIBAP - Unibap
UTG - Unlimited Travel Group
UPSALE - Upsales Technology
USWE - USWE Sports
W5 - W5 Solutions
WAYS - Waystream Group
VOLAB - Veg of Lund
VERT B - Vertiseit B
WPAY - Westpay
WPTG B - White Pearl Technology Group B
VIAFIN - Viafin Service Oyj
VSSAB B - Viking Supply Ships B
VIMAB - Vimab Group
VIMIAN - Vimian Group
VINCIT - Vincit Oyj
WMA - WindowMaster International
VIRO - ViroGates
WIRTEK - WIRTEK
WITTED - Witted Megacorp Oyj
VIVA - Viva Wine Group
VO2 - VO2 Cap Holding
WYLD - Wyld Networks
VH - Västra Hamnen Corp. Finance
XINT - Xintela
XMR - XMReality
XPC - XP Chemistries
YUBICO - Yubico
ZAPLOX - Zaplox
ZAZZ B - Zazz Energy of Sweden B
ZICC - Ziccum
ZIGN - ZignSec
ZZ B - Zinzino B
ZWIPE - Zwipe
